{"cameraMode":{"drawMode":0,"name":"Shaded","section":"Shading Mode"},"sceneLighting":false,"audioPlay":false,"sceneViewState":{"showFog":true,"showMaterialUpdate":false,"showSkybox":false,"showFlares":true,"showImageEffects":true,"showParticleSystems":true},"in2DMode":false,"pivot":{"x":0.23545272648334504,"y":0.2836761176586151,"z":-0.43036937713623049},"rotation":{"x":0.22438423335552216,"y":-0.1611943244934082,"z":0.049825385212898257,"w":0.9599588513374329},"size":0.285788357257843,"orthographic":false}